one,two,three,four,five,key
-1.49853103,1.04302842,0.11678855,-0.35733853,-0.47373626,L
-1.03927356,1.56923791,-0.79040198,-0.29181371,-0.69877886,B
-0.43955505,-0.23996565,-1.10068992,-1.63905897,0.34598549,G
0.03443587,1.13628205,0.29126995,1.0878059,-0.39327635,R
